Movie / TV Series,Year,Synopsis,Review
The Shawshank Redemption ,1994,"Andy Dufresne (Tim Robbins), a successful banker, is wrongfully convicted of murdering his wife and her lover. He befriends a fellow inmate, Red (Morgan Freeman), and uses his banking skills to help the prison staff, eventually gaining their respect.","""The Shawshank Redemption is an inspiring tale of hope and friendship, with outstanding performances by Tim Robbins and Morgan Freeman. The story is incredibly moving and will stay with you long after the credits roll."""
The Dark Knight ,2008,"Batman (Christian Bale) teams up with District Attorney Harvey Dent (Aaron Eckhart) and Police Lieutenant Jim Gordon (Gary Oldman) to take down the Joker (Heath Ledger), who is terrorizing Gotham City.","""The Dark Knight is a thrilling and intense superhero movie, with outstanding performances by Heath Ledger as the Joker and Christian Bale as Batman. The film keeps you on the edge of your seat from start to finish, and the action sequences are some of the best in the genre."""
Forrest Gump,1994,Forrest Gump (Tom Hanks) is a simple man with a low IQ who becomes involved in some of the major events of the 20th century. He falls in love with his childhood friend Jenny (Robin Wright) and tries to help her through her struggles.,"""Forrest Gump is a heartwarming and inspirational movie, with a fantastic performance by Tom Hanks in the lead role. The film is a powerful reminder of the value of friendship and the importance of perseverance in the face of adversity."""
The Godfather ,1972,"Don Vito Corleone (Marlon Brando) is the head of a powerful Mafia family in New York City. When he is shot and nearly killed, his son Michael (Al Pacino) takes over the family business, becoming embroiled in a web of violence and betrayal.","""The Godfather is a classic movie that stands the test of time, with outstanding performances by Marlon Brando and Al Pacino. The film is a masterclass in storytelling, with a gripping plot and memorable characters that keep you engaged from start to finish."""
Inception,2010,Dom Cobb (Leonardo DiCaprio) is a skilled thief who enters people's dreams to steal their secrets. He is hired by a wealthy businessman to perform a seemingly impossible task: to implant an idea in someone's mind.,"""Inception is a mind-bending and visually stunning movie, with outstanding performances by Leonardo DiCaprio and the rest of the cast. The film is a masterpiece of storytelling, with a complex plot that keeps you guessing until the very end."""
Blade Runner 2049,2017,"Officer K (Ryan Gosling), a new blade runner for the LAPD, unearths a long-buried secret that has the potential to plunge what's left of society into chaos. His discovery leads him on a quest to find Rick Deckard (Harrison Ford), a former blade runner who's been missing for 30 years.","""Boring and too long. Nothing like the original movie."" - IMDb user review"
Scott Pilgrim vs. the World,2010,Scott Pilgrim (Michael Cera) must defeat his new girlfriend's seven evil exes in order to win her heart.,"""It was difficult to sit through the whole thing. Annoying, unfunny and not very interesting."" - Rotten Tomatoes user review"
The Nice Guys,2016,"In 1970s Los Angeles, a private eye (Ryan Gosling) and a tough enforcer (Russell Crowe) investigate the disappearance of a young woman and the death of a star.","""The Nice Guys tries too hard to be funny, and the result is a disjointed mess of a movie."" - Metacritic user review"
Solo: A Star Wars Story,2018,A young Han Solo (Alden Ehrenreich) joins a group of smugglers to pull off a dangerous heist.,"""Dull and pointless, with none of the magic of the original Star Wars movies."" - IMDb user review"
The Island,2005,"In a future where people are cloned for organ harvesting, Lincoln Six Echo (Ewan McGregor) and Jordan Two Delta (Scarlett Johansson) escape their facility and go on the run.","""The Island is a bland and forgettable sci-fi thriller that wastes a talented cast on a tired and derivative plot."" - Rotten Tomatoes user review"